data,mean,cov,person,class
"[[-0.71007364 -0.93909815 -1.76307077  2.02737824  1.0955564   1.03632804
   0.71002446  1.40255476  2.64715918 -0.22655854 -0.44222721  1.59073481
   1.35974267  0.48932815  1.03774792  3.44074436  1.82541302 -0.66567189
   2.46049857  0.84771506 -0.58598008  1.48925283  1.13457557  1.77525085
   2.58165574 -0.83411785  0.88321808  0.40093083  1.63695959  0.34440636
   0.28476684  3.80613881  0.19793659  0.04178747  0.52922002  0.7235765
   1.19413344  1.36121579  4.00486581  2.11492928  0.60559838 -0.13053009
   0.34406435  1.79663298 -0.85752025  1.79889784  1.04028552  2.40539082
   0.7999354   3.43215963  0.90427753  1.9459038   2.25042116  0.41804617
   0.25079242 -1.73804798  1.32380343  0.85692478  1.04288545  1.71435747
   2.41750435  1.82550231  1.6672492   0.52940036  1.17024583  1.50912554
   0.15098225  0.22530878  5.80561293  2.94362626  2.29077275  0.09924594
   2.33799092 -0.07099807 -0.36219544  0.97781365  0.21337535  0.06722489
   2.21722261  1.58965522  0.69619359  1.0526945   2.02280196  0.55328096
   1.35627273  0.87893233  0.35194275  0.69371369  0.44311963  2.94459644
  -0.31259492  2.70734758  1.81744048  0.89305962  1.12433533  1.96028095
   0.12582684  2.16364595  3.50587445  1.21306262]
 [-0.55734909  0.41772974  1.83425549 -0.75839749 -0.8152598  -0.97475228
  -0.00756622  0.16448577 -2.49848126 -0.70104344  0.85009071 -0.91923143
  -2.20274694  0.26693797 -0.87881098 -3.40865932 -1.3275193   0.13184646
  -1.31330458 -1.70734105 -0.17873034 -1.9803225  -0.15812918 -1.1684913
  -0.40420329  0.2123808  -0.05304416 -0.90205567 -0.81608364 -0.92841006
  -0.99538207 -2.96821772  0.13649661  1.21569539 -0.92178862 -1.66588136
  -1.05512848 -0.32560492 -2.70737409 -1.15305595 -1.26922377 -0.45998743
  -0.73498027 -1.3926585   1.17141832 -0.26425794 -1.08173616 -1.84374335
  -1.16844151 -2.89542146 -1.04315684 -2.3771785  -0.84696324 -1.5533671
  -0.55480775  1.14691013 -0.95189687 -0.67919806 -1.02703224 -1.68094975
  -2.36036214 -1.81418106 -1.47386616 -0.67852892 -0.77260472 -1.34856939
  -1.38636634 -0.55210729 -4.3179667  -1.74947906 -2.02667681 -0.68657554
  -1.99439764  0.83286441  0.54644066 -0.03418938 -0.78495377 -0.43998451
  -1.71269276 -0.67160869 -0.89909725 -1.28930108 -0.73402827 -0.74437942
  -1.55209008 -1.81837644 -0.50656097  0.11543443 -1.12307537 -1.80044793
  -0.77869048 -1.41342731 -0.0109856  -0.06897504 -1.25963807 -3.5800833
   0.45140809 -1.00330767 -1.70529379  0.21837352]]",[ 1.18302741 -0.97994334],"[[ 1.5695878  -1.00586417]
 [-1.00586417  1.13312094]]",0,0
"[[ 3.10638868 -0.42796745  1.73633115  0.03379643  1.83254087  1.60886229
  -0.25703883 -0.53740839  1.0478671   1.36637348  0.6279915   0.19218162
  -0.92789602  1.45890703 -0.25724885  2.40881116  1.17489069  0.39030728
   0.629222    0.3641529   0.87674323 -0.82517616 -0.59057754 -2.69010794
   2.44093109 -0.21166349 -1.29822531 -1.7089011   0.90397271  0.29472812
   0.64285797  0.95549207  0.9336967   0.14412931 -0.53216382  2.01377937
   0.69788959  0.83624377  0.92130066 -1.80702107  3.22141166  0.45709993
  -0.43880052 -0.28905481  0.67982314  1.71233157  0.82083109  1.2649615
  -0.03700937  2.53362194  0.18873191  0.08931913  1.551846    0.35685652
   0.96032962  0.25035388 -0.11724925  1.60438201  0.66781718  0.77837034
   1.89469461  2.23364355  0.86225556 -1.53828974  2.03239803  0.06080197
   1.49307885 -1.75484611  0.65344495 -0.61440888  1.16090724 -1.2110788
  -0.14601129 -1.52275706 -0.48966808 -1.19279632  0.40379779 -0.02398803
  -1.577402    3.24983545  0.67951514 -0.6402261   1.21799181  1.41788289
   2.10453596 -0.88923901  1.44551122  0.59430747 -0.35450245  1.68903811
  -0.93529739  0.65665649  1.59097174  2.95374729  0.02941276  1.83200312
   2.59360802  0.54718878 -1.48207263  2.08728623]
 [-3.10768271 -1.0513481  -2.78522793 -2.11516    -3.90055082 -2.11227055
  -0.20393702 -2.26442637 -3.33013858 -1.74187677 -2.46419931 -1.26421591
  -1.5775819  -3.15246754 -1.29556339 -2.20326012 -2.68147401 -2.5564271
  -2.1101676  -1.70746044 -3.02540061 -1.13750231 -0.83716216  0.45522131
  -3.8419624  -0.08722142 -0.10947372 -0.98035649 -3.03694335 -0.91008873
  -1.83285135 -2.65491069 -1.24174156 -1.35278372 -0.71336281 -1.96653903
  -2.16201864 -1.84680769 -2.08719362 -0.73164582 -3.28150602 -1.49238168
  -1.535198   -2.64576568 -2.11812831 -3.52077983 -2.06744386 -1.64821112
  -1.02046287 -3.97822436 -2.07136753 -2.13018983 -2.93098352 -2.14545557
  -1.71296506 -1.25064094 -1.46225281 -1.59312122 -1.59507435 -3.28358495
  -3.37231726 -2.84128408 -2.65275135 -0.63296955 -1.30376807 -1.58364125
  -1.89888483 -1.94046809 -1.93391228 -2.03816053 -1.28407525 -1.34394895
  -2.01049273 -2.48259351 -0.99664211 -1.4682827  -2.69338559 -1.38547511
   0.26669711 -3.94368421 -1.35290222 -1.60342779 -1.72187197 -2.58535569
  -2.43555469 -0.79112651 -3.09187788 -2.30150422 -2.36928922 -3.64132039
  -1.70811663 -1.50803224 -4.30566435 -3.66034076 -1.83154743 -3.09803116
  -3.41462414 -2.11148741 -1.23131778 -3.03466329]]",[ 0.5664165  -2.10060846],"[[ 1.5695878  -1.00586417]
 [-1.00586417  1.13312094]]",0,1
"[[-2.1738006  -4.32653005 -3.75802919 -3.41754625 -6.43530275 -4.3426863
  -1.29133525 -5.23158961 -0.83824738 -6.00638045 -4.99755997 -3.00270806
  -3.0166501  -3.71335292 -3.30821078 -3.07245506 -2.43547652 -5.89260432
  -3.94156591 -2.1440547  -2.77977322 -4.57620752 -4.40358502 -4.36758025
  -4.19533622 -3.42028197 -2.70946853 -1.90234303 -1.54013619 -2.40717614
  -2.19973103 -3.18268939 -3.64471492 -5.37462833 -4.26498091 -3.95562078
  -4.15249507 -3.70008075 -1.86128106 -2.71912416 -4.02533667 -2.1849879
  -4.08764474 -3.55963005 -5.39398748 -1.16701546 -3.58336746 -3.55327075
  -4.85480469 -1.04944454  0.00815605 -2.18905675 -4.16708631 -6.06190803
  -4.00566042 -3.29439375 -4.42090978 -5.38985412 -2.53179262 -3.47002024
  -1.17228433 -3.46992884 -2.98233681 -4.27074547 -3.46689536 -3.09703062
  -3.51929591 -5.26322751 -2.22381751 -5.31822015 -1.23224659 -3.53220968
  -1.78625753 -2.42652724 -2.64874705 -1.31934144 -2.60550848 -3.02191169
  -2.18367586 -2.99111881 -4.97086104 -3.40875235 -3.65918767 -4.81817786
  -4.65552675 -3.75323199 -2.3431278  -2.50182688 -5.83731948 -4.44322922
  -3.75739954 -2.73022359 -3.1032276  -2.60682827 -4.84879175 -3.407389
  -2.28903735 -4.14669359 -2.9247436  -3.5767229 ]
 [ 3.83583778  5.14226217  6.78006599  4.56774417  6.4199531   6.44532646
   3.7281459   6.11015378  2.28693472  6.26986133  5.28430452  4.05099258
   4.97444625  4.55168755  4.73583788  4.2614207   4.35445833  6.99408809
   4.74228501  4.97306032  4.75317659  5.46606192  6.28314165  5.09529985
   4.1877033   5.04434801  4.63659997  3.2102237   3.49362941  4.84722063
   4.30738522  4.93452586  6.20885523  5.50831758  4.83546254  4.70136192
   6.05742182  4.39627858  2.6270119   4.74971429  6.11791498  3.82646866
   5.80386556  4.06126876  6.4009489   3.30072867  4.86914188  4.08608778
   5.93730957  2.74544791  2.22384501  4.09837773  5.44566726  7.16371433
   5.43766129  4.28836463  6.28354558  6.11800918  4.09138192  4.91206562
   3.05542214  5.32447824  4.58909195  6.55453881  5.01112146  5.33207164
   5.18107795  6.04518605  3.94040197  6.89300433  3.84912348  5.27276972
   3.16956896  4.75989848  3.70011323  3.81408683  4.85811224  5.07748681
   4.39604617  4.09401438  5.34232915  5.2213619   5.2279624   5.65088974
   7.03374017  5.21037744  3.46823005  4.38671682  5.81359384  5.94496192
   5.39748701  4.18644925  5.58430859  5.33835364  5.99493659  5.90157697
   3.5062918   6.16609041  3.90831547  6.04863767]]",[-3.3861216   4.96129489],"[[ 1.5695878  -1.00586417]
 [-1.00586417  1.13312094]]",1,0
"[[-3.77137992 -5.06875375 -2.88787668 -3.33060317 -4.88677183 -0.91388047
  -2.50105401 -5.6561902  -4.76964348 -2.97372709 -2.37656194 -1.88139944
  -7.80564592 -2.11729477 -4.39231233 -3.64990899 -3.15483296 -5.06006672
  -6.0976091  -5.19280915 -4.07556002 -4.75777193 -3.6921909  -3.36149722
  -2.64670599 -3.07215174 -5.11288842 -2.9476408  -4.10998239 -3.97186333
  -6.46854231 -4.1179116  -5.23255134 -4.03559066 -3.91997595 -4.36791617
  -5.01739889 -3.40100848 -3.17421692 -4.87323761 -2.14883804 -4.74598911
  -4.38685203 -4.79733856 -3.85636816 -3.91814223 -2.87223236 -2.21852972
  -3.07429642 -2.47309116 -6.05032245 -3.37517856 -2.9893993  -3.98191951
  -2.07008076 -4.14055518 -5.26258428 -3.02397921 -4.06723089 -4.84491294
  -2.34300038 -4.98439513 -6.19170513 -4.19460989 -4.45457766 -3.79581601
  -4.73622153 -6.5408582  -3.64800844 -4.1253331  -5.04928421 -4.16864623
  -3.36939158 -5.9845717  -5.09067832 -5.51815652 -1.95716422 -4.73012529
  -3.18295748 -4.44039722 -3.09386647 -4.92487681 -4.0715827  -5.07495431
  -3.6003082  -4.63599329 -5.7538395  -2.3659684  -3.33581424 -4.18050691
  -5.36014762 -2.0569706  -2.98692571 -3.05289477 -3.73908225 -3.08811362
  -3.65579609 -3.21346148 -2.85729675 -3.87699376]
 [ 3.00622577  5.30800474  2.30377872  4.02245721  4.55238685  3.12166308
   3.83304319  5.59277195  3.88907718  2.3325636   2.40983445  3.12243713
   5.14762056  2.76500674  3.90559072  3.83395876  3.60245841  5.62458168
   5.73598532  3.56462058  3.20073145  5.83288733  3.29171226  3.25333797
   3.39398496  4.25490922  4.46657924  3.62884387  2.68038822  3.17871495
   5.77534913  2.26756803  5.19124729  3.67739399  4.30570928  3.75874398
   3.02268372  3.05098641  2.98402114  4.41263469  2.53498754  5.09618184
   4.8986538   2.54077552  2.81290525  4.23790362  3.58808458  2.82735916
   2.55521507  2.78331729  5.05819442  3.69903473  3.04461831  3.13589072
   3.02648302  3.35092045  4.86863845  2.20386445  3.41103058  3.59783305
   2.32538774  4.27236785  7.19121167  3.36617064  3.87013696  3.99872141
   3.10638998  5.33049945  4.07449656  4.08125217  3.90695771  4.67667665
   4.24411562  5.3234852   4.93036437  4.90348312  2.90469979  4.7583992
   2.7852243   4.24813725  3.00885558  4.04543574  3.3683862   4.61761957
   4.17879101  3.99041821  4.22096409  2.74812997  4.10167199  4.06016791
   4.52968315  2.74845178  3.30854764  2.93472133  3.02695373  3.40104731
   3.94078932  2.63931706  2.20221258  3.58651621]]",[-4.00273251  3.84062977],"[[ 1.5695878  -1.00586417]
 [-1.00586417  1.13312094]]",1,1
"[[ 7.32274825  9.59003308  6.43425849  8.16288342  8.7101769   8.31413109
   8.329332    8.1807763   8.78097397  7.90592734  7.93011285  9.56479316
   8.78533429  8.50002995  7.90725688  8.37362119  6.19763223  5.36800717
   9.88192135  7.28228248  8.63838524  8.99347182  8.39936928 10.77921267
   8.13909064  7.82376848  8.15916229  7.8388658   6.60940611  7.35912306
   8.13689479  8.75422011  7.40627192  5.35456745 10.47328128  8.19661175
   6.95307805  7.01102405  6.50669507  8.79978307  7.0310011   8.12565438
   7.49995106  9.67865111  6.13135933  8.01900457  6.12253603  9.30515634
   8.22671604  6.74089558  7.95644038  9.88824962  7.54855112  8.44956875
   7.55412395  6.80110828  5.88549864 10.34317797  8.27258998  6.87142899
   6.62134608  8.68456834  7.12263786  8.56200571  8.21806932  7.60144961
   7.0093893   6.73690133 10.14009009  8.68853999  8.14294223  8.47341746
   7.64885579  6.93691072  9.29214143  7.3312012   8.80190473  8.66329486
   8.26344269  8.10382001  9.05225731 11.64170144  8.98183225  6.83155205
   6.88632804  7.57092396  8.14568812  8.83968807  8.70650858  9.87780374
   8.48204182  8.56925516  7.66094464  5.24762556  8.96334941  9.62068066
   8.17360267 11.15120793  5.9713953   8.14629442]
 [ 3.72447559  3.12665598  2.61123505  3.87632007  3.05384575  3.32606535
   3.4164969   3.55093712  3.04028711  2.10796914  3.47101995  2.98651471
   3.16687297  3.03444545  4.09732823  2.15654985  4.81932799  5.38306933
   2.06483079  4.15189241  3.11613561  1.54947505  3.52105254  1.30069587
   2.58707641  3.41806027  3.70208295  4.2405365   4.02992344  2.39911252
   2.16219809  2.58043335  3.45854477  5.49199109  2.64005316  2.93433373
   3.73933265  5.49089449  4.70410497  3.23747142  4.52549806  4.30747879
   2.99481285  2.30218655  4.97180672  2.9551852   3.8958924   3.39737461
   3.16540834  5.31666289  4.3823506   1.13834591  3.0386102   2.38449944
   3.18192252  4.39496233  4.01137362  1.4256343   3.67570398  3.89626147
   4.31141267  3.51048527  4.19107099  4.40991908  3.23613129  3.25248321
   5.3820921   3.06166742  1.67919761  2.32211187  2.71530849  2.86853786
   3.74799419  2.31474275  3.1886225   5.09486755  2.20647077  3.49791817
   3.28249219  3.2504202   2.9290185   0.26143498  2.58807374  3.91287541
   4.13711355  3.53810756  4.13491221  1.99716979  1.66797846  2.65475502
   3.40511509  4.20886819  3.71820854  4.67098469  1.99483389  1.95852928
   4.17703973  1.48654497  4.37310634  4.39940328]]",[7.97398493 3.40359861],"[[ 1.5695878  -1.00586417]
 [-1.00586417  1.13312094]]",2,0
"[[ 8.43179472  7.07383803  7.20095316  9.26765855  7.814011    7.50647079
   8.24474918  8.31191126  6.85510096  8.29659338  5.51941817  7.68647845
   5.73564627  7.51570074  8.5406667   7.34923804  7.4133714   7.852834
   7.11630155  5.05612652  6.7942624   8.31802444  7.6792585   7.84112618
   8.34510327  7.09138408  7.46190212  6.51420345  7.93869914  6.82117102
   6.54049435  7.94716716  9.05240264  8.76551917  5.68909918  6.67392846
   6.86092356  6.3698267   5.78198328  9.59586088  6.03011514  7.96072733
   5.84851979  5.60386206  6.37861914  8.09814875  6.72712971  7.08083116
   7.29118112  5.5477643   7.1210879   7.95723138  7.60266271  7.31119034
  10.08483863  6.13043982  9.0113842   6.61112748  8.1443141   7.54844312
   5.94050984  6.22903129  5.35719934  8.1217545   6.12081354  6.38449651
   7.09790379  8.07597707  5.37628784  9.46128789  7.49588294  6.08729864
   6.36370375  8.26695604  7.18610093  9.04173843  7.4083258   5.67082298
   4.77108003  7.70090809  8.06034986  7.70120221  7.53912406  6.47103635
   5.67601717  7.7945746   5.64968049  7.09247072  5.5786443   6.65781995
   7.00162667  7.6668681   5.86428123  6.69052748  7.3840361   7.6231006
   7.19086962  4.6096773   7.30465102  5.77948466]
 [ 1.46773629  2.16752502  1.83990677  1.17018478  2.49012011  1.60380808
   0.71597786  1.68263796  2.97494633  1.66649324  3.61339548  2.40750493
   2.76517582  2.65287219  1.57125299  2.27914079  2.37107797  0.93782443
   3.17681307  3.85754377  2.61803796  1.69613838  1.96176767  1.08586391
   2.3680636   3.00982757  1.24336301  2.60326598  1.14231814  3.55709279
   4.35878412  1.34517874  2.15977637  1.26262854  2.19226849  3.63435227
   1.99242199  3.40619418  3.18806876  0.46185595  2.24341284  0.84874787
   2.0099332   2.88915117  2.77329548  1.30253049  2.30641837  2.01637086
   2.23246226  2.61972391  2.68113005  1.02764189  2.67822837  2.77047487
   1.20514122  2.78819033  1.1464032   2.66187717  1.86788023  2.65310063
   3.14218885  2.45591817  2.68296966  1.22147382  2.58401195  3.21640209
   3.58986309  1.47526111  4.28970497  1.27162433  2.42241869  2.8852816
   3.50986664  0.58787496  3.00607477  1.552355    3.18824789  2.83995691
   3.59652097  1.2225653   1.51202408  1.72618289  1.22950875  3.207087
   3.34308786  1.82503083  3.58400199  2.93854066  2.5565284   2.2726701
   2.70184578  1.6008988   2.85651937  3.52657311  2.10247388  0.97504916
   2.02784902  3.9128482   2.82748732  4.10529401]]",[7.35737401 2.28293349],"[[ 1.5695878  -1.00586417]
 [-1.00586417  1.13312094]]",2,1
"[[5.76435316 6.771687   7.23687233 7.97357886 5.99719469 6.61090904
  6.14890215 5.66527443 4.75480944 6.47860814 5.7239772  5.44550081
  6.13557371 8.84176688 6.72337077 9.21061424 6.81675575 8.18933316
  7.12909632 4.89584594 8.02868345 9.28805742 7.13844359 6.73556259
  7.83658351 6.26589621 6.62245912 6.65700895 7.94489944 7.61934426
  7.67031348 6.74929426 5.20896191 9.06477861 8.32652871 5.9969101
  8.22782711 7.30942825 4.54012942 6.44075717 9.79150936 7.20830799
  5.62791756 6.06924906 7.03936314 6.82732312 5.45554291 5.98007828
  5.43415428 9.64185823 5.45115655 8.04633689 5.31834632 6.49266912
  7.67539339 6.14122616 8.25143635 5.04826097 6.99998507 6.12353384
  7.58404901 5.4139337  5.76776089 7.68050423 7.08562647 7.88011527
  5.48958729 8.5047055  7.50957574 6.69311264 8.6482252  7.75061887
  7.14966066 7.51076449 8.1557779  8.06824756 5.52677655 5.79753964
  6.6712818  6.95542891 8.87650441 5.07279161 6.54817355 5.21167559
  6.04874728 6.19277249 7.78636865 7.52861197 5.38849478 6.14218991
  7.27558162 6.4919493  7.01101364 5.34978869 7.95594417 7.69315394
  9.73192412 6.06785856 6.50161557 8.57464917]
 [3.52118017 1.76811218 0.50730395 1.17374896 2.04391275 3.6118431
  3.30544396 3.51825618 3.56927154 2.47956545 4.28977151 3.85977139
  3.25302538 1.49695135 2.38640389 1.10133473 1.4301363  1.60041251
  2.62971645 3.72954227 0.89672066 0.99523238 4.05461979 3.07767088
  1.17713526 3.79882103 2.21501945 3.04053043 2.14403296 1.30047841
  1.57995954 3.07224579 4.46963644 0.5997853  2.03417277 3.45747891
  1.2195741  2.8453339  3.79379806 1.7843176  1.17729875 2.38072982
  3.67649516 3.10792498 3.09265941 0.86552598 3.17903626 4.4511492
  3.49111638 0.60566581 3.68391008 1.67404548 4.2470315  3.57106136
  2.26028191 3.00744794 2.57107291 4.99339162 3.34345857 3.57169582
  1.84833687 3.75670385 3.62969604 1.37288709 2.02649034 3.45958721
  4.61568016 2.02653449 2.11609155 2.98013762 2.20499236 3.56787665
  2.90682478 2.88354428 0.96689919 1.64471502 3.28331817 3.60014803
  3.51972195 1.51282628 0.45071276 3.10001946 3.19252891 3.27058494
  2.84333612 3.21730514 2.94157741 3.27387921 4.31237529 3.41538707
  1.85650101 2.42574499 3.15841188 2.35516613 2.29558935 2.00040715
  0.30738523 2.94576711 2.43357914 1.50815495]]",[6.96714424 2.56730086],"[[ 1.5695878  -1.00586417]
 [-1.00586417  1.13312094]]",3,0
"[[ 8.01030699e+00  6.62428905e+00  7.64457553e+00  6.82123827e+00
   5.50594213e+00  6.42306498e+00  7.86280069e+00  8.06516305e+00
   8.49380045e+00  3.64136906e+00  6.58718834e+00  7.75121221e+00
   9.38879724e+00  7.03782720e+00  4.59703622e+00  5.11485211e+00
   4.40389263e+00  7.59661370e+00  6.51573502e+00  7.52263402e+00
   5.78164887e+00  4.49719624e+00  4.11034190e+00  4.65160390e+00
   8.37226077e+00  6.06513555e+00  7.86036035e+00  5.13395195e+00
   5.30829398e+00  6.93587483e+00  6.77334800e+00  6.91390358e+00
   6.24354434e+00  6.70132854e+00  8.04776190e+00  6.86586814e+00
   5.13673140e+00  5.60626784e+00  7.21655581e+00  6.48052897e+00
   5.53060580e+00  8.06641615e+00  6.16602010e+00  5.10539248e+00
   5.52515977e+00  5.83955885e+00  5.35432977e+00  5.72593688e+00
   5.84752981e+00  3.35789348e+00  8.05408125e+00  7.44870197e+00
   7.67445460e+00  6.81203742e+00  4.39133211e+00  4.83284178e+00
   7.98539839e+00  6.47720629e+00  6.18649279e+00  4.74383214e+00
   7.70642773e+00  7.14946592e+00  5.49411961e+00  4.39642290e+00
   5.02494681e+00  5.34675763e+00  7.21227342e+00  4.43311690e+00
   7.20423024e+00  5.65101364e+00  8.17669392e+00  7.19196466e+00
   4.77617119e+00  6.17920543e+00  5.15454252e+00  4.59248066e+00
   5.23101865e+00  5.34661789e+00  6.38053025e+00  6.67213326e+00
   6.16913893e+00  5.68212957e+00  5.71450797e+00  5.98271674e+00
   7.31986963e+00  8.59213619e+00  6.02871294e+00  8.22870095e+00
   7.28396708e+00  6.20415611e+00  7.65897773e+00  6.63405758e+00
   4.71018606e+00  4.73602760e+00  7.39710187e+00  8.41561870e+00
   4.71606552e+00  6.10880589e+00  5.50232346e+00  6.92541838e+00]
 [-4.85765654e-01  2.27735993e+00  1.92504672e+00 -8.53160548e-02
   1.98110957e+00  1.95687205e+00  8.85359660e-01  1.60950059e+00
   1.89301378e-01  3.54697258e+00  1.96448047e+00  1.36569270e+00
  -6.89896945e-01  9.68137231e-01  2.43752584e+00  2.90582049e+00
   1.58937804e+00  4.81393748e-01  2.01860178e+00  6.52713958e-01
   2.75466227e+00  1.66551360e+00  3.08350623e+00  2.46705546e+00
   9.02797739e-01  1.42991902e+00 -4.90964695e-03  1.92887329e+00
   1.51377312e+00  2.57247863e+00  1.60158935e+00  2.48108026e-01
   1.80101175e+00 -4.56728024e-01  1.09157516e+00  1.15073667e+00
   2.16970858e+00  1.59048914e+00  8.71545502e-01  5.13696667e-01
   2.23919766e+00  4.61323505e-01  1.45938500e+00  3.42339268e+00
   1.24545171e+00  2.56604268e+00  1.21669585e+00  1.82477112e+00
   1.35054125e+00  4.31156214e+00  8.39766138e-01  8.05770970e-01
   1.77397567e+00  1.09415364e+00  2.94964766e+00  1.56665317e+00
  -9.69607630e-02  3.80218759e-01  1.24415233e+00  1.97683399e+00
  -1.54187756e-01  1.31376770e+00  1.60755605e+00  3.04394241e+00
   2.22463012e+00  2.45761258e+00  8.21914367e-01  3.71335068e+00
   7.68868131e-01  2.71392323e+00  1.01316040e+00  1.37181833e+00
   1.56203096e+00  1.08778911e+00  1.47558263e+00  2.75245529e+00
   2.82202767e+00  6.63502381e-01  2.50496239e+00  2.67614192e+00
   2.04234767e+00  2.38967577e+00  1.26919891e+00  1.59955435e+00
   7.07290720e-01 -6.04165800e-01  2.34967114e+00 -9.07398598e-02
   3.57510277e-01  1.27462849e+00 -1.83529755e-02  2.88248885e+00
   2.50162027e+00  2.57816843e+00  3.23396975e-01 -3.42612669e-01
   2.30202729e+00  2.92367123e+00  1.11690621e+00  7.61802923e-01]]",[6.35053333 1.44663574],"[[ 1.5695878  -1.00586417]
 [-1.00586417  1.13312094]]",3,1
"[[-1.34880437 -0.81059278 -0.60504336 -1.63685521 -1.20022207 -0.08241024
  -0.85604343  0.0056013  -0.56401328 -0.30856609 -4.163294   -0.94733838
  -2.44181342 -3.48244747 -0.76450152 -1.64119606 -0.73452373 -0.1542191
  -2.4946365  -2.37160704 -2.45783965 -2.51784752 -1.12482146 -2.44140535
  -0.02266977 -0.16105849 -0.54494994 -1.25850684 -0.81603761 -1.98067912
  -3.75743614 -0.26729471 -0.59051793 -0.93939172 -0.64041496 -2.37511322
  -0.20982526  0.06465482 -0.89755154 -3.77773334 -3.24312961 -3.3244117
   0.18990671 -1.11899868 -2.01887802 -0.95578038 -1.15127133 -1.8532698
  -2.0766226  -2.60920104 -2.48440412 -1.64328363  0.78903241 -0.07507685
  -0.60337115 -3.72502621 -1.43291098 -0.84816238 -2.81972229 -1.79017789
  -2.38102657 -1.66511724 -1.62337951 -0.16538792 -3.61749388 -2.01545809
  -3.39816278 -3.57277121 -0.88808019 -3.32822019 -1.3028142  -0.42289163
  -0.53411011 -3.37493704  1.35447943 -1.83386044 -0.14373217 -2.44264811
  -2.42383666 -2.15765096 -4.1218179  -2.48822259 -1.1192562  -3.67025426
  -2.53884748 -1.90223231 -1.37382795 -3.43552655  0.82538375 -1.51186275
  -5.04998457 -1.47153074  0.3112534  -2.30079863 -1.71174668 -2.14313632
   3.1300679  -0.76240082 -0.51530434 -1.06319845]
 [ 1.58180067  1.49699382  1.76466942  2.90131553  1.452972    0.9110773
   1.59987588  0.58307887  1.3968874   1.2027635   3.28570472  0.18697571
   2.13033468  3.2107963   1.83931818  1.86620871  1.43397924  0.68698814
   3.12391919  2.43582249  2.22196091  1.1204571   1.30813019  1.13328764
   1.29464672  0.55698168  1.65500102  2.11530699  1.11534778  2.82955425
   5.45442831  1.8263445   1.38192302  2.05444127  0.63502493  0.99883604
   1.05361113  0.05550724  1.09747328  2.94333116  2.58452686  2.53484079
   0.28328246  2.28002549  2.36974392  1.67500245  1.36436992  1.60942369
   1.75234487  3.59140795  2.71535866  1.80916853 -0.39298235  0.77595872
   2.1659893   3.47414817  2.00783498  0.81532776  3.33124715  1.60997837
   0.40564941  2.2215369   3.13311497  1.03052201  3.63816229  1.55679815
   3.56871106  2.4432096   0.311679    2.80050432  1.86068219  0.8408771
   2.10635315  2.99889774 -0.52603506  3.13551643  1.61953183  2.38635661
   2.25489626  1.95172531  4.48706913  2.91843562  1.75353198  2.44235869
   3.78313532  2.38013075  2.23317877  2.22413806  0.43577619  2.15324286
   4.11033995  2.67405475 -0.07074479  2.02497417  1.24720777  3.28644704
  -1.26031391  0.7750794   0.99983405  1.65465925]]",[-1.48276662  1.74457995],"[[ 1.5695878  -1.00586417]
 [-1.00586417  1.13312094]]",4,0
"[[-0.77441251 -4.40902287 -1.83760706 -3.87552236 -2.05765245 -2.37989624
  -3.20337706 -1.09976923 -0.86926256 -1.61920015 -2.90677483 -0.11466934
  -3.13520586 -3.3999139  -2.83225296 -0.89186404 -2.79212646 -2.01118718
  -3.23120454 -0.45170969 -1.17510044 -1.28520015 -2.4357178  -0.91191597
  -1.54347597 -2.14689004 -2.94381121 -3.91229846 -1.43231188 -1.19248371
  -4.11528804 -1.75233559 -0.58662724 -0.57771352 -1.3917844  -2.28477663
  -1.59087583 -3.82227692 -1.61036399 -2.91311731 -1.90867608 -1.06164952
  -0.50748251 -3.01974546 -2.39506237 -0.06748772 -2.57035513 -0.23611261
  -1.38485407 -4.42594137 -4.02165358 -0.8605912  -1.05397739  0.29314159
  -2.84912016 -2.48438038 -2.93112809 -2.7102923  -1.10571138 -2.13779183
  -0.75764386 -2.4221614  -2.72331067 -2.75917607 -0.88569656 -1.34923977
  -2.83294816 -3.61644113  0.5361402  -2.66152477 -1.23648617 -1.11420487
  -0.92667913 -2.8905122  -2.06373675 -1.98127192 -1.3041982  -3.35466056
  -2.06350862 -2.3196256  -2.32853502 -2.80256875 -2.11208292 -2.31483327
  -2.09488184 -2.42710384 -0.67298555 -1.86817115 -0.83162484 -1.69301613
  -4.53978673 -2.26057579 -1.02743204 -0.94968262 -2.31098924 -0.74743239
  -3.7117567  -1.16228586 -0.68134551 -3.03318238]
 [-0.73531955  2.10487789  0.27564977  1.94116069  1.36940313 -0.41071479
   0.56494708 -1.35565512  0.13337964  1.88162134  1.05221889  1.27418129
   0.93715971  0.02181652  0.88265091  0.02856215  1.9161721  -0.31948598
   1.68831204 -0.26650094  0.51352666  1.25526456  0.81864974 -0.10871153
   1.26851304  0.1096112   2.23551272  0.75416384 -0.272803    0.75826105
   1.49230497  0.56573105 -0.64400342 -0.23527318  0.53995557  0.77517716
   1.21109577  2.28934664  0.42775898  1.12313274 -0.23623133  0.50676389
   0.09936186  1.78779157  0.82448311 -0.34323316  0.91444288 -0.85912121
   0.91411277  2.04328164  1.95292726 -0.19301889 -1.52519669 -0.25546285
   0.70874986  1.65486286  0.74200931  1.4691299  -0.36679194 -0.10889408
   0.47416425  0.46656253  1.48392095  1.87789279 -0.55302131  0.40950613
   1.32226864  1.73468902 -0.86658836  1.07144129 -0.36222686 -0.89315047
   0.68885268  0.5296718   0.69879712  1.3706771   1.33192751  1.86522396
   0.58822873  0.31883498  0.12179109  0.59466253  0.86946643  1.10217995
   0.18605934  1.19810163  0.18290035  0.93751332 -0.70677632 -0.01329653
   2.3978179   1.07429347  0.19508607 -1.04988809 -0.0868965  -0.37015142
  -0.08097969 -0.35498359 -0.72580653  1.41072006]]",[-2.09937753  0.62391483],"[[ 1.5695878  -1.00586417]
 [-1.00586417  1.13312094]]",4,1
"[[ 1.88285578  2.05672115 -1.53411995  3.36142051  2.17960715  0.05955439
   0.69098713 -0.9363571   2.59194626  0.97944732 -1.22275008  1.37272823
   1.32626968  0.75928557  0.28267571  2.07823277 -0.59499237  2.18544607
   0.51133719  0.36844757  1.52272692  2.17750272  0.67393747  1.98436991
   1.59773132  1.96545001  2.94460539 -0.22395387  1.21396957 -2.55523382
  -0.94559428  0.1037151   2.20404205  0.1196868   3.68668925  0.67318531
   2.66888393  0.3974092   0.49902943  1.87839636  0.91670996  2.10377018
  -0.13745949  0.66595758  1.13737664  2.0944668   0.35190203  3.06257187
   2.13694625  0.00831145  0.0927888  -0.79785597  1.04070791  1.07737315
  -0.83458306  1.77154109  0.05050688  2.88936762 -0.4205237   1.71526142
   1.74292081 -2.59542201 -0.11379762 -0.97437397 -1.6711934   1.79436392
   1.26958757 -1.34482962  0.30304829  3.26665819  2.64991469  0.1236967
   1.94860301  0.47777995  0.9245244  -0.43023677  2.03039496  1.38897746
   1.93413187  0.70996169  2.77462556  0.85172391  1.16772133  0.7267583
   2.94964161  2.28357907  0.4776569   0.8114705   1.94793316  2.15033769
   0.28831178 -0.94491957  5.33825034  2.06212845  0.46432224  0.1260583
   0.97586475  3.13350388  1.28128164 -0.68115148]
 [ 0.62158791  1.03238343  2.22621668 -0.04812328  0.55166279  0.26578356
   1.49835477  1.72844481  0.41117232  1.25896425  1.93357335  1.50071009
   0.88370814  2.1686082   2.85434409 -0.04915432  2.20571736  0.13377648
   0.89151212  1.37679212  0.22609471  1.57335122  2.457985    0.64006994
   0.02290539  0.79555112 -0.99974428  3.25527708  2.03468711  2.96969997
   3.26385062  1.30842115 -0.61252949  1.82842851 -1.90098353  1.7617848
   0.29374171  1.8149791   1.76020944 -1.22703834  1.07881093  0.0073545
   1.21248191  0.78815546  0.92611959  0.15029816  2.29842024  0.43509246
   0.69828059  2.20828665  2.05802528  2.15525138 -0.21832689 -0.06474003
   1.94112088  0.53611587  2.12163361  0.35536019  1.82650111 -0.24188615
  -0.06843024  3.02882421  2.1881198   1.72630745  2.20462679  0.62002018
   0.13064509  3.04381781  1.07513323  1.28920167 -0.77975137  1.92492483
   0.61366899  2.20294514  0.87077972  1.72179622  0.04241738  0.60933828
   0.88724281  0.36572852 -0.3669312   1.0232625   1.53894778  2.04893369
  -0.25423592 -1.1245811   1.23743894  2.0424469   0.75707831  0.66595131
   1.35114139  2.54302974 -2.51088124  1.00046348  2.06308864  2.76697841
   0.53894262 -1.3781138   1.45145943  1.61857958]]",[1.20402313 0.85143814],"[[ 1.5695878  -1.00586417]
 [-1.00586417  1.13312094]]",5,0
"[[ 0.60463754  0.9708893   1.33694244  1.59079945  0.54171185 -1.97386972
   0.74524239 -0.68427913  0.52955492 -0.26978721  1.46809082  0.09040258
   0.6087946   0.23097727  0.77415055 -0.5402007   2.35881404  1.71166483
   0.78700043 -0.68228389  0.44053205 -1.20683683  1.06102628  0.3543973
   0.70169147  0.31955993  2.8326906   2.01560008  1.65882381 -0.87695485
   0.10887208 -0.50340543 -0.01412301  1.78061537 -1.50965413  0.11458164
   1.40613989 -0.14918981  0.82220176  1.65921121 -0.38653035  1.71414558
  -0.29835569  1.43187856  1.64087261  0.46789124  1.5201997   3.17961949
   0.43797086 -0.85649732  1.50555621 -1.17830713  2.02968327 -1.14586872
   0.35440131  0.50628137  0.07457341  0.37113    -0.05306341  1.33822883
   1.63616571 -0.80931768  0.21878594 -0.48922642  1.65146313  2.08599251
  -0.43821593 -0.31810904 -0.48974449  0.99634491  2.11270711 -0.65716154
  -1.43830776 -1.04668545  0.40104419  1.23101076  0.98082947 -0.16234356
   1.98642638  0.16758804  0.29700191 -0.34991674  0.62711141 -1.30249764
   1.43614701  0.7576044   3.38603104  1.05080446  0.47980078 -0.32146673
   0.22777899  2.54542025  0.44613541  0.79888798  0.15198316 -0.61290596
   1.5499493   2.39122406  0.7087604   2.35468335]
 [ 0.64585614 -1.1627636  -0.54969256 -0.53375872  0.6360213   1.76311231
   0.6678661   0.98871929 -1.39736627  0.16842167 -2.6336643  -1.05952627
   0.64706783  0.047222    0.2229717   0.47442333 -1.06386448  1.06691541
   0.25301653  0.63957474 -0.52439645  1.89384605 -1.45651345 -0.94267632
  -0.41956383  1.07622743 -2.43180003 -1.16890654 -0.38872105 -0.3301313
   0.44022314  1.1728973   0.22889301 -2.64490635  1.73885816  0.49579968
  -0.42972174  0.53782469  0.09213402 -0.239253    0.73283917 -0.24385863
   0.66866417 -0.6776604  -1.10023841  0.71674346 -0.66061886 -0.81415788
  -0.68189696  0.89573263 -1.550799    1.30766277 -1.7545677   0.71802065
   0.01119872 -0.94600713 -0.54530155  0.12538977  1.13295545  0.02809178
  -2.10575918  1.32529323 -0.6315295   1.26056268 -1.18581063 -0.8795652
   1.78721694 -0.64754909  0.987423   -0.24624527 -1.60261819  1.12875135
   0.22165137  2.07555005 -0.63714342 -0.01462507 -0.18047781 -0.2243951
  -0.42726716  0.89284166 -0.87198837  1.45101004 -1.0059659   0.46681377
  -1.14675053 -0.63977215 -2.21476828  0.44068484 -0.91274011 -0.0245939
   0.78744703 -2.61933019 -1.00343682 -0.11106917  0.69223546  0.59893344
  -1.54618159 -1.17735023 -1.3186083  -1.44052624]]",[ 0.58741222 -0.26922697],"[[ 1.5695878  -1.00586417]
 [-1.00586417  1.13312094]]",5,1
"[[-1.14700948e+00  2.48592926e-03 -2.01006439e+00  8.12921572e-01
  -2.41059604e+00 -6.15350451e-01  4.40153142e-01 -4.06206080e-01
  -1.11527600e+00 -1.16076455e+00  5.92819323e-01 -8.63763621e-02
  -8.11063320e-01 -2.31560064e+00  2.70492983e-01  1.53124691e+00
  -3.86382064e-01  1.54330682e+00 -3.48198293e+00  3.33515330e-01
   6.78908227e-01  1.05614160e+00 -1.41264233e+00 -5.49058081e-01
  -4.03386742e-01  2.34020129e+00 -4.85762359e-02 -3.82068194e-01
  -3.88591919e-01 -1.16628259e+00 -4.40999515e-01 -2.00094374e+00
  -2.00429938e+00 -6.87662866e-01 -1.59817314e+00  3.06899801e-01
   7.57175342e-01  3.74345521e-01  2.21786479e-01 -3.19448280e-01
  -1.22352462e+00  2.31528976e+00  5.12851825e-01  1.22316459e+00
   1.98521601e+00 -2.27211082e+00 -5.69928473e-01  1.71075527e+00
  -1.41365366e+00 -2.76694400e-01  6.02736721e-01  8.63709265e-01
   4.25418017e-02 -2.39663679e-01  3.54925554e-01 -8.79557915e-02
   4.79793713e-01  1.27998193e+00 -1.48447220e+00 -1.03865011e+00
   8.87694089e-01 -4.61247872e-01 -7.55664790e-01  1.04274409e+00
  -1.00914369e-01 -4.55954017e-01 -6.88828764e-01  6.44934825e-01
   6.21331998e-01  8.92424890e-01  9.82289192e-01 -1.65667607e+00
  -6.25934190e-01 -2.46119737e+00 -1.10532596e-01  9.75671452e-01
   8.37436785e-01  3.93026182e-01  1.14311204e+00 -1.26376215e+00
  -9.11681054e-02  5.84077838e-01 -1.05427942e+00  6.75798210e-01
  -2.71963101e+00 -3.81854088e-01 -8.73655431e-01 -1.88597628e+00
  -1.53688173e-01 -1.96531996e-01 -1.21091217e+00 -6.00066414e-02
   1.13327209e+00  1.56475354e+00 -1.91991425e+00 -6.80682208e-01
   2.05315085e-01 -5.14920075e-01  6.78240659e-01  1.12950279e+00]
 [ 2.18774188e-01  5.35530154e-01  1.79631735e+00 -5.01541921e-01
   5.81017230e-01  8.74475147e-01 -5.99482632e-01  1.04514827e+00
  -7.35399409e-01  6.29281103e-01 -5.59298388e-01  1.66109554e-01
  -8.52511089e-02  1.77668437e+00 -2.91106862e-01 -1.61656261e+00
  -3.86091875e-01 -1.49763315e+00  1.23556844e+00 -6.06790419e-01
  -2.26895567e-02 -1.16297471e+00 -4.16564307e-01  1.27538364e+00
   2.00378376e-01 -1.91614621e+00  2.29445268e-01  5.35102121e-01
  -5.64189776e-01 -3.08227473e-01  9.14953745e-01  8.60363288e-01
   8.29923885e-01 -4.72653148e-01  1.30268794e+00 -7.59188080e-01
  -8.34033579e-01 -4.99725091e-01  6.08717502e-01 -2.52511185e-01
   5.33620427e-01 -8.61206812e-01 -4.48280338e-01 -5.58028846e-01
  -1.84263950e+00  8.45362607e-01  6.29116314e-02 -9.79326728e-01
   5.80949158e-01 -8.93158507e-01 -3.36821839e-02  1.10829829e+00
  -4.10692007e-01  4.61165936e-02  1.88459639e-01  3.55956166e-02
   6.98332112e-01 -1.82882334e+00  4.61905383e-01 -2.34904876e-01
  -1.28822602e+00 -3.56271562e-01  3.09948362e-01 -9.82921588e-01
   1.51597754e-01  3.77676589e-01 -3.14665749e-01 -6.09769232e-01
   2.77888580e-01 -4.20647043e-01 -1.17105344e+00  7.29617242e-01
   3.76663584e-01  1.34884485e+00 -8.36164995e-02 -1.09734777e+00
  -8.76930717e-01 -7.46911693e-01 -1.30751509e+00  1.54461270e+00
  -9.27390591e-01 -7.57781110e-01  1.11711171e+00 -8.75725890e-01
   2.23755206e+00 -4.78691299e-01  7.76931319e-01  1.07517132e+00
   4.73448047e-01  4.75198377e-01  1.30293789e+00  5.49768508e-01
  -7.75849291e-01 -8.73029730e-01  8.04041048e-01  4.09535084e-01
  -7.60076951e-01  1.08360796e+00 -8.26386573e-01 -1.20857815e+00]]",[-0.14253038 -0.13163715],"[[ 1.5695878  -1.00586417]
 [-1.00586417  1.13312094]]",6,0
"[[-9.72523360e-01  7.40430515e-01 -1.07366614e+00 -2.29515382e-01
  -1.82603678e+00 -2.40318759e+00 -2.34935505e-02  7.85268118e-01
  -1.14240507e+00  2.82101395e-01  1.44660594e+00  1.08695071e+00
  -2.37013472e+00 -1.29147483e+00 -3.73359698e-01 -1.81701997e+00
  -1.59458567e+00 -4.15984479e-01  7.70317213e-02 -3.02239822e+00
  -9.57992267e-01 -2.48411182e+00 -2.51486530e+00  5.77835638e-01
  -2.31661682e+00 -2.60705259e+00  4.67063532e-01  4.45559405e-01
   1.78654663e+00 -2.48268243e+00 -1.64324549e+00 -7.33939456e-01
  -7.40971753e-01  1.57563688e+00 -1.20895471e+00 -8.71752044e-01
   8.07475660e-01 -2.62061046e+00 -7.01203665e-01 -1.88274464e+00
  -7.80946378e-01 -6.11095197e-01  2.01929110e-01 -2.38678928e+00
  -7.89570016e-02 -2.56594019e-03 -2.06470321e+00 -5.72303311e-01
  -5.28017169e-01 -2.38895664e+00 -9.67474427e-01  6.15730052e-01
  -3.33554043e+00 -1.55369867e+00 -1.92709455e+00  2.71619695e-01
  -1.64453955e+00 -6.08672254e-01  8.82642654e-02  6.56795511e-01
  -2.00517391e+00  2.43833059e-01 -2.00872580e+00  1.89937072e+00
  -7.22361534e-01 -1.84481339e+00  3.95052356e-01 -1.16973384e+00
  -1.01276272e+00 -1.34897471e+00 -8.84508170e-01 -1.97100700e+00
   3.72032558e-03 -2.24674351e+00  6.82225968e-01 -8.40376605e-01
   2.66562115e-01 -2.31978829e+00 -4.43848615e+00 -1.18566144e+00
   5.11412741e-01 -6.94813218e-01  1.55248094e+00 -1.44636050e+00
  -5.27375470e-01 -1.24332912e+00 -1.05401696e+00 -2.59599379e+00
  -1.86900260e-01 -1.19232413e+00  2.14371687e-01 -1.57970341e+00
  -1.54116007e+00 -1.39304863e+00 -1.61211700e+00 -1.03245430e+00
  -2.18855850e-01  2.33101291e-01 -7.64154699e-01  1.13775505e-01]
 [-6.81285675e-01 -8.15052727e-01 -7.51003412e-01 -7.30825483e-01
   2.71902061e-01 -5.05757960e-01  2.35084069e-01 -2.62067187e+00
  -1.76125182e+00 -2.44345180e+00 -2.77898182e+00 -1.75054870e+00
   3.54419496e-01 -1.61199309e+00 -7.88648188e-01 -6.96421585e-01
  -1.69186055e+00 -1.14889847e+00 -2.45632989e+00  1.07650682e-01
  -6.62441226e-01  7.80215219e-02 -5.35849113e-01 -1.85624084e+00
   5.64557547e-01 -2.21576711e-01 -2.06659355e+00 -2.14211218e+00
  -3.82562221e+00  3.55614243e-01 -9.27477380e-01 -1.31781074e+00
  -1.83649778e+00 -2.35180181e+00 -1.81329275e+00 -1.26310881e+00
  -2.12596527e+00  3.66532124e-01 -1.57235553e+00 -1.06251590e+00
  -6.76892014e-01 -1.27603690e+00 -1.73776208e+00 -5.99595555e-01
  -1.52092501e+00 -1.39078973e+00 -1.45283153e-01 -4.40913532e-01
  -1.34532037e+00 -2.15876806e-02 -1.33400938e+00 -2.71186282e+00
   3.54206488e-01 -1.33110634e+00 -3.89884283e-02 -1.25556146e+00
  -6.44610941e-01 -9.23880985e-01 -2.21616005e+00 -2.76005410e+00
   2.92848246e-01 -1.08512109e+00 -5.74870817e-01 -3.14626514e+00
  -1.02185978e+00 -7.57744712e-01 -1.85991556e+00 -1.25244704e+00
   3.02442105e-02 -1.62041805e+00 -1.49525460e+00 -1.18582089e+00
  -1.39490699e+00 -8.96792781e-01 -1.23345229e+00 -1.16829540e+00
  -2.52214894e+00 -6.50233473e-01  2.51887096e+00 -1.38564386e+00
  -1.16427259e+00 -1.80518610e+00 -3.79930929e+00 -3.14866617e-02
  -1.18250187e+00 -3.40556749e-01 -3.51756186e-01 -5.56178709e-01
  -1.90113710e+00 -1.89515463e+00 -1.94851589e+00 -2.93560032e-01
  -1.96272931e+00  1.22052319e-01 -8.57588220e-01 -2.14906000e+00
  -2.38206359e+00 -2.21679732e+00 -1.59118472e+00 -1.11613215e+00]]",[-0.75914129 -1.25230226],"[[ 1.5695878  -1.00586417]
 [-1.00586417  1.13312094]]",6,1
"[[ 1.49165092e+00  7.37453820e-01  2.01536844e+00  8.48794766e-01
   4.69578288e-01  2.11222128e+00 -9.18888551e-01  1.74839877e+00
   2.75182487e+00  4.40791957e-02  8.93290357e-02  1.19027352e+00
   8.90872148e-01  2.00579420e+00  1.15106274e+00 -2.36067023e+00
  -1.07751000e-02 -5.84377341e-01 -4.14360098e-01  3.01902720e+00
   1.53332657e+00  2.67772430e+00  4.22650628e-01  7.15597049e-01
  -5.05470344e-01  7.76563443e-02 -2.43968887e-01  2.46856971e+00
   1.92188304e+00  2.90382812e+00  2.97976002e+00  3.35606991e+00
   2.61712916e+00  1.44097133e+00  2.16849337e+00  2.84453092e+00
   4.24844629e-01 -5.69017444e-01  1.53450129e+00  2.34449588e+00
   2.55842048e+00  3.50205090e-01  8.95693050e-01  4.86081301e-01
   1.58428626e+00  2.97393299e+00 -9.01327675e-01  1.71730391e+00
   7.91223640e-01  2.45915015e+00 -1.33049346e+00  1.44726914e+00
   5.10910159e-01  1.64864394e+00  2.69839872e+00  9.11158513e-02
   8.16060156e-01  4.67882236e-01  7.04431977e-02  1.63309231e+00
  -8.21005354e-01  1.17893356e+00  4.31460731e-01 -6.30201894e-01
   2.66080044e+00  1.96279956e+00 -3.41119544e-01  1.22689180e+00
   1.44071482e+00  1.51611952e+00 -2.76755196e+00  3.18451069e+00
   1.60024096e+00  1.03955702e+00  5.76784968e-01 -7.00579571e-01
  -7.29802782e-01  1.75464610e+00  6.15790985e-02 -1.35089881e+00
   1.22495362e+00 -3.57323209e-02 -2.11313064e-02  8.84817351e-01
  -1.48086877e+00  2.69572081e-01  4.91513097e-01 -1.38418196e+00
   1.00643862e+00  1.79576023e+00  1.12346908e+00  2.87790642e-01
   2.88113888e+00  4.49632862e-01  1.42087139e+00  2.11987651e+00
   2.89324262e+00 -4.33045795e-01  8.45536816e-01  1.19359749e+00]
 [ 6.51829407e-01 -3.43287215e-02 -4.98703538e-01 -1.40198449e-01
   1.15502858e+00  1.28998926e+00  2.14413718e+00  1.10359407e+00
   2.22099695e-01  1.21805786e+00  8.26294525e-01 -2.46957544e-01
   1.88237242e+00 -2.92038323e-01  9.54791449e-01  3.00870399e+00
   2.99823252e+00  2.09823059e+00  2.28108606e+00 -4.55798819e-01
  -5.04275334e-01 -2.25330295e-01  5.94528677e-01  9.89823983e-01
   1.44320859e+00  3.99717219e-01  3.20763331e+00 -1.21610093e+00
   1.07491753e+00  2.84565901e-01 -8.17168160e-01 -5.46741051e-01
   4.18723718e-01  7.83074534e-01 -5.42677984e-01 -9.38698033e-01
   7.22997057e-01  1.96235990e+00 -8.62851629e-01  3.68402470e-01
  -8.74633065e-01  1.71621063e+00  1.66206662e-01  6.05039303e-01
   2.97873373e-01 -2.07857601e-01  1.23331076e+00 -6.81230968e-01
   1.03644555e+00  4.68307793e-01  1.77705751e+00  1.52387063e+00
   1.78803605e-01 -2.03600755e-03  1.95530323e-01  1.73223271e+00
   1.66856184e+00  1.48351076e+00  9.05112002e-01  5.96040207e-01
   1.64122285e+00  1.10349720e+00  1.93693237e+00  2.38306635e+00
  -9.43114972e-01 -4.27915963e-02  1.53936271e+00  6.85578243e-01
   1.79980162e-01 -8.06463085e-01  4.01404627e+00 -1.44886701e-01
  -6.13775056e-01  1.56221782e+00  4.50494209e-01  1.29513002e+00
   1.72461539e+00  5.52780317e-01  7.53676121e-01  1.77965088e+00
   1.03941773e+00  2.21564620e+00  2.33512460e+00  5.16400977e-01
   1.86327786e+00  1.43308567e+00  1.05207534e+00  9.39298434e-01
   4.41304273e-01  1.44809266e+00  3.00760674e-01  1.93312353e-01
  -6.00756030e-01  6.81428296e-01  4.15249680e-02 -2.65378766e-01
  -9.17911797e-01  1.50321930e+00  6.70744867e-01 -2.93195809e-01]]",[1.03505087 0.79460717],"[[ 1.5695878  -1.00586417]
 [-1.00586417  1.13312094]]",7,0
"[[-6.83376695e-01  2.24166575e+00  1.20375114e-01  1.91013175e+00
  -1.17802725e+00  1.04249413e+00  1.25650110e+00  2.30947768e-01
   3.60074619e-01 -8.01697618e-01  1.60091270e+00 -4.43930770e-01
  -9.21612775e-01  1.08337200e+00 -2.71473053e-01  1.84862680e+00
  -3.13173345e-01  9.24119031e-01 -6.71762257e-01 -4.31022614e-01
  -3.27357853e-01 -9.70853370e-01  3.19334023e-01  1.78380557e+00
   2.42124397e+00  9.25691118e-01  5.82509048e-02 -3.15256936e+00
  -2.59066451e-01  7.27492265e-01  3.83221856e+00  1.35927488e+00
   8.36054921e-02  3.96115050e-01  1.70527675e+00  1.25901427e+00
   1.77416604e+00  2.45445958e+00  2.63068824e+00 -1.59937683e+00
   1.20534375e+00  7.86872520e-01  1.82789613e-01 -8.13768816e-01
   2.47335046e-01 -3.79485451e-01 -4.10735279e-01  2.50815287e+00
   2.66370401e+00  5.15661373e-01  1.27507116e-01  7.03236889e-01
  -2.95793171e-01  2.41652867e+00 -4.92328253e-01  1.15008522e-01
   1.47724177e+00  2.94050506e+00  2.50864160e+00  1.18027138e+00
  -5.90234827e-01  2.65110935e-01  3.32110825e-01 -1.86845912e-01
  -1.66902621e-01 -6.38218092e-02 -6.29065864e-02  2.32202541e+00
   1.04310941e+00  1.48822936e+00  2.01573296e+00 -2.89332005e-01
  -7.61093423e-01  6.39556786e-01 -2.15140136e-01  7.53074178e-01
  -3.32944125e-01  1.34164583e+00 -3.46167819e-01  1.26903257e+00
  -1.81786153e-01  1.10865646e+00  1.38832292e+00 -1.14918943e+00
   1.81979268e+00  1.97686976e+00 -9.55280780e-01  6.10385554e-01
  -1.12052034e+00  2.90053164e+00 -4.12651708e-01 -1.68256469e-02
   4.65221765e-01 -1.20250477e+00  3.03605587e+00 -1.51984433e+00
  -6.83224298e-01  2.89264131e-01 -2.37724623e-01  8.93374366e-01]
 [ 1.25671784e+00 -9.85018001e-01  1.94558539e-02 -1.00787178e+00
   1.25354528e+00 -1.07681559e+00 -1.53553491e+00  3.47497072e-01
  -6.17642557e-02  8.47492792e-01 -1.67205636e+00  4.42318365e-01
  -1.79223774e-01 -1.64780311e+00  6.32574050e-01 -1.15023110e+00
   4.38817189e-01 -1.40630322e+00 -6.21880551e-01  6.76638076e-01
  -9.88892165e-01  4.55243295e-01 -8.67992506e-01 -2.85685594e+00
  -9.15396839e-01  7.28962773e-01  2.02743160e-01  3.09700217e+00
  -7.73892154e-02 -6.93335984e-02 -2.54352838e+00 -4.43220098e-01
  -5.39314553e-01 -1.07109957e+00 -1.64676381e+00  5.82841693e-02
  -1.08456087e+00 -9.35870265e-01 -8.16907462e-01  2.17562420e+00
  -1.18932635e+00 -7.32293506e-01 -4.81396329e-01  1.60096944e+00
  -2.10469935e-01  2.18102836e-01 -9.42007636e-02 -3.15108032e+00
  -9.11066177e-01  3.89196207e-01 -1.02934809e+00 -1.59110568e+00
   5.24285304e-01 -1.89655597e+00  2.07446912e-01 -9.46583871e-01
  -1.31038655e+00 -1.87247847e+00 -2.18959528e+00 -1.20390693e+00
   4.87606295e-01 -9.50414723e-01 -9.14470978e-01  3.81416524e-01
   8.49393580e-01 -1.86781211e-02 -7.94680052e-01 -1.47314935e+00
  -1.38451688e+00 -4.70731533e-01 -2.43340482e+00 -3.06278734e-03
   2.52175155e-01 -3.58747567e-01  1.26204101e+00  2.08007055e-02
   1.91267681e-02 -1.50486797e+00 -8.40474003e-01 -1.90479231e+00
  -4.76645364e-01 -1.11814564e+00 -5.30004131e-01  7.48606274e-01
  -1.20610092e+00 -7.17968410e-01  8.82017956e-01 -3.82594782e-02
   1.17220852e+00 -2.67294689e+00 -3.94775748e-01  1.47594733e-01
  -3.17161015e-01  1.13314497e+00 -2.70279583e+00 -3.34045714e-01
   1.13179493e+00 -5.06548788e-01  6.44503795e-01 -2.25097872e-01]]",[ 0.41843995 -0.32605795],"[[ 1.5695878  -1.00586417]
 [-1.00586417  1.13312094]]",7,1
"[[-1.73488512  3.14818269  0.58252661 -0.86036048  0.39318065 -0.04420408
   1.61680715  1.78733716 -0.73782615  1.74516101  1.8601875   0.6386163
  -0.58985575 -1.27202434  0.69394155  1.822748    2.70148524  0.5124436
   0.23672517  1.38043753  0.76083393 -0.68353902 -0.34071636  1.37428878
  -0.13389138  1.94058339  2.4203918   0.75581096 -0.67685752 -0.69982951
   0.43412211  0.43692627  1.69285521  0.94808179 -0.92754251  0.16810429
   2.87641218  0.98230701  1.1583723   1.70980914  3.89025065  1.82609462
   0.47315524  1.82083801  1.3248043  -0.30576749  1.09709969 -0.32788482
   0.4906359   0.08734563 -0.68282155 -0.8485047   0.92998683  0.6722519
   1.67357214 -0.4554479   2.57353832  0.99524042  0.5089421   0.88336751
   3.75861556  1.66988065 -0.54540401  2.95075073  1.05588124  1.69324332
   0.34908478  1.01451135  0.82443834 -1.64623823  1.23268762  1.54694596
   1.66978755  3.85178422  1.55733968  1.08626401  1.57976773  1.14494399
   0.02491743  1.12144383  2.37780502  0.84643731  1.7469742   1.70608233
   0.77618112  4.63918733  0.97953295 -1.71265584 -0.252177    2.21768888
   0.34656251 -0.8684972  -0.29191198 -1.10831954  0.47845026 -0.17403697
   1.71863081 -0.39684548  0.23966693  0.40332424]
 [ 5.09662865  0.18274272  0.99844789  1.23256466  2.09560346  1.955646
   0.34658446  0.24708577  2.02455182  1.2060131   1.83884108  2.34049553
   2.70183602  3.19705499  2.48496514  1.27051247 -0.47510384  1.55781637
   2.55713289  1.047294    1.77394439  1.70836699  2.76185145  1.26764479
   1.75798265  1.41042287  1.97145898  1.49749633  3.01938734  1.59411413
   0.61534732  1.66794374  1.87868403  1.43833109  3.31024497  2.05209342
  -0.27016585  1.63003592  1.75892654  0.66132319 -1.33414318 -0.46556004
   1.74784368  0.9815318   0.55006451  2.01674841  2.54737092  2.70543902
   2.21127004  0.69023513  2.03020662  2.8379815   1.70645026  1.78874818
   0.16770779  2.33299438  0.47063399  1.36210982  2.39829983  1.0790729
  -0.03496771  0.72977136  2.36806424 -0.09155619  0.99907791  0.28459856
   0.80132197  0.10462253  0.02095711  2.81718705  1.19644973  1.24827466
   1.40721642 -0.97863679  1.70217248  0.22683704  1.06889946  1.54524732
   2.09456262  1.54130891  0.28070672  1.59279617  0.19876622 -0.09047624
   1.35667403 -2.1448672   3.26160304  2.7528896   1.69600411  1.423044
   2.29920241  2.32279811  2.64184451  1.99496469  0.93074523  2.73042805
   0.51865627  2.12262578  0.48878191  1.67521639]]",[0.80505171 1.52287874],"[[ 1.5695878  -1.00586417]
 [-1.00586417  1.13312094]]",8,0
"[[ 1.14631484  1.25558662  0.6854606   1.25309955  1.73641374  1.31779493
   0.60906189  0.75322877  0.20146267  1.48037472  1.60010083 -0.30346925
  -0.5279439  -1.23863075  1.01808364 -0.40562681  0.3469117   1.10346476
   0.84470116 -0.03015963  1.0137939   0.50826718  0.41758278  0.77080658
  -0.09666435  0.38935764 -0.78557109 -2.73280642 -1.38254643  0.11277965
  -2.09801188  1.54293434 -0.4297968  -2.11058388 -0.67921881 -1.27093743
  -0.45829112  0.64951017  0.50513731 -0.1535482   0.90598489  1.12999325
   2.53023801  1.07029719  0.43895127 -0.37972347  1.03007235 -2.51711979
   3.41797607  1.44225514  1.12878351 -0.63964037  2.57245156  0.39306151
  -0.36200053 -0.92575575  0.29321127  1.18542369  0.21562807 -2.22258355
   1.18689634  0.10770991  1.12503025 -0.84199806  0.43629355  1.61957285
  -0.49620243  0.15135484  3.12835996  1.13111608 -0.54771247  1.58254546
   0.68304866  1.60172973  0.56402166  1.03395111  2.47946066 -0.73134862
  -0.0201717  -1.11499353  0.18228173 -2.4708083   3.03997535  1.09570198
  -1.32860511 -2.40599795  1.01835444  0.0035487  -0.88102119 -1.19381398
  -0.4812741   1.27372864  2.41616397  2.00409822 -0.28322361 -0.23388363
  -2.64585635 -0.23876688 -1.16112599 -0.16175386]
 [ 1.0127379   0.82634553 -0.31256243  0.404134   -0.21121091 -1.05752803
   0.83404661  0.11411567  0.6639617  -0.40968627 -1.7072921   0.42012862
   0.51638096  2.20917015 -0.42433684  0.49416262 -0.46001332  1.3723425
   0.16955263  0.9909782  -0.10387365  0.62761163  0.64588676  0.18641067
  -0.13621853 -0.99325833  0.074891    2.83145114  1.4688893   0.49972122
   2.69668972 -0.22109917  0.81127689  1.61352219  1.52510324  2.02492968
  -0.15321277 -0.35239404  0.49006719  0.0154349   0.07887259  0.04320682
  -0.45643991  0.21119135 -0.45592137  0.82428414 -1.23110381  1.61982066
  -1.368814   -1.46141458  0.36320758  1.24995145 -1.49699236  1.5870933
   0.60949942  1.1553168  -0.46932536  0.40479633  0.42511092  0.64122554
   0.0672969   0.45028433  0.67239022  1.30474041  1.5287398  -1.57167416
  -0.39981799 -0.08359475 -1.17647005  0.26019401  0.88537557 -1.1422225
   0.96463974  0.52526051  0.8864109   1.40214645 -1.55502444  0.56320554
   0.78631374  0.30733873  1.36854027  1.96214534 -1.05082554 -0.15322284
   1.71847526  1.7816606  -0.16230334  1.07548324  0.85216232  1.65241279
   1.30079033 -0.05650238 -1.37269457 -1.18486058 -0.1816865   1.95597634
   2.81937111  0.65473665  0.30277979 -0.65053311]]",[0.1884408  0.40221363],"[[ 1.5695878  -1.00586417]
 [-1.00586417  1.13312094]]",8,1
"[[ 1.74118501e+00  5.27205632e-01  2.51339039e+00  1.15626153e+00
  -1.34514076e+00 -1.84869189e+00 -4.30890869e-01  1.46214686e+00
   8.24040091e-01  2.86331469e+00  7.59485350e-01  2.77807267e+00
   1.75490836e+00 -2.26800387e+00  2.30322880e+00  1.83845851e+00
   1.87576034e+00  1.33488860e+00 -3.82829162e-01  1.75401405e+00
   1.03645596e+00  1.87591876e-01  1.36397847e+00 -6.85710378e-01
  -1.79364293e+00  5.82606466e-02  1.53530026e+00  3.33073820e-01
   1.58286665e+00  2.47823995e+00 -1.65995363e-02 -9.30945056e-02
   2.63680936e+00  7.20552146e-01  2.20851067e+00  1.67679364e+00
   1.84221104e+00  2.20356057e+00  6.99714962e-01  6.55998560e-01
   1.50404521e+00  1.98679791e+00 -7.37635087e-01  1.72001427e+00
  -1.21321370e-01  3.14525318e+00 -9.86078034e-01  6.81459397e-01
   8.44120301e-01  1.40334236e+00 -3.87204304e-01 -7.33067269e-01
  -9.47829686e-02 -2.35667152e-01  2.29056686e+00  2.86747225e+00
   1.17181939e-01  2.00492171e+00  1.22391648e+00  8.63635303e-01
  -1.57243100e-01  5.23412976e-01  1.79475122e+00  9.08205346e-01
   1.65173360e+00  4.55241568e-01  4.88532081e-01  1.99648702e+00
   2.10233480e+00  4.93234002e-01 -1.24628042e-01  2.28810697e-01
  -1.91497634e-01  1.00250796e+00 -5.04831464e-01  4.73044853e-01
  -1.98702211e+00  5.68616812e-01 -1.53755145e-01  1.45688264e+00
   5.79985151e-01 -1.85526883e-01  1.59093931e+00  4.73672854e-01
   2.62053905e+00  8.48819452e-01  4.23819114e-01  1.24105860e+00
   1.98924316e+00  2.24578387e+00  6.07567787e-01 -5.32037998e-01
   7.89605922e-01 -1.94939037e+00 -7.52525971e-02  2.29639475e+00
   2.08156832e+00  9.66556242e-01  2.69400103e-01  1.09435539e+00]
 [ 1.44914168e+00  2.03161209e+00 -3.45442417e-01  1.06477625e+00
   2.40705934e+00  2.90425140e+00  2.67366009e+00  7.75978191e-01
   2.28958520e+00 -3.05446167e-02  1.25645833e+00 -6.11555927e-01
  -2.55223729e-01  2.94795953e+00  3.42795955e-01  4.64884479e-01
   8.42260018e-01  2.22662139e-01  2.30919099e+00  7.28890984e-02
   4.45626834e-01  2.01028324e+00  6.27298920e-01  2.21069913e+00
   4.32450214e+00  2.03584133e+00  3.09042608e-01  6.76576124e-01
   4.98286460e-01  1.18011060e+00  1.72639990e+00  4.82373285e-01
   5.99751841e-02  1.13799675e+00 -9.85315843e-01  1.02796463e+00
   5.25553360e-01 -9.70903824e-03  1.62933131e+00  2.16245433e+00
   1.21039993e-01  8.17908935e-01  2.91362576e+00  2.02783499e+00
   2.08982083e+00  2.26908658e-01  2.32476888e+00  1.36048434e+00
   1.82028181e+00  1.63893977e+00  2.01269635e+00  2.52743610e+00
   1.84761952e+00  1.61517125e+00  1.38286102e+00  6.95145938e-01
   1.22615213e+00  3.40878275e-01  8.65825566e-01  2.15208828e+00
   2.28645942e+00  1.85319093e+00  3.75858959e-03  1.48476696e+00
   9.71781182e-01  1.87560823e+00  9.37751241e-01  1.45846541e-01
   1.59622893e-01  1.63452826e+00  2.36331327e+00  1.17573038e+00
   2.97919839e+00  1.72915007e+00  2.54657112e+00  2.67358328e+00
   1.84519823e+00  1.56095444e+00  2.30010024e+00  5.54777479e-01
   2.52340984e+00  1.30517175e+00  5.66085653e-01  2.03136913e+00
   5.59839448e-01  2.13531985e+00  1.49125611e+00  1.10248194e+00
   5.28469351e-01  8.33676819e-01  1.35934453e+00  2.78443102e+00
   1.05845738e+00  3.25040702e+00  3.14375818e+00  8.44400676e-01
   6.55590187e-01  1.75745234e+00  1.52687604e+00  9.04050292e-01]]",[0.99273623 1.1358313 ],"[[ 1.5695878  -1.00586417]
 [-1.00586417  1.13312094]]",9,0
"[[ 0.01741295  2.03845372 -1.72273045  1.20266255  1.57345709  1.06066196
  -2.03954717  0.72135094  0.44150077 -1.51175816 -1.99698963 -2.18320636
  -0.34308262  0.32118379  0.76292535 -1.06640889  0.16420196 -1.62455319
   0.34476383 -0.32715255 -0.50423416  0.67413299  2.48875105 -0.33702246
   0.95837574  1.01446086  1.82260652 -0.72806537  0.32101174  1.37222656
  -0.12093341  0.23654294  1.16586619  1.36147956  0.23004451  1.01916678
   1.11169774 -0.57209831  2.80805222 -0.03180898 -0.35844168 -0.32983594
  -0.48758849  0.03457964 -0.36221608  0.92980882  0.36153292  2.39102224
  -1.74873431 -1.22823974  0.39572817 -1.55300849  0.6729871   1.42403607
  -0.10990659  0.66625121 -0.17571458  3.19066099  1.10656174  1.02042297
  -0.62061221 -0.90823884 -1.31757959  0.41052166 -0.61191419  3.09091018
   1.05365794  2.10456708 -2.46796909 -0.31557424 -0.00556924  0.33836587
   1.48029252 -1.45375969 -0.12120398 -2.63937423  0.45346533  0.23875368
   0.87095889  0.21458985  2.82434025 -0.63992447 -0.27327752  1.97079482
  -1.12203074 -0.19378236  0.13072984  2.03223954  0.50623929 -0.93813707
   0.2021614   0.37541141  0.28751112  0.33853876 -1.94834922  0.01773939
   0.49504634  1.4987929  -1.77004788  1.62491002]
 [ 0.6189996  -2.0891968   1.26490289 -1.3818756  -0.93799083 -0.94320145
   2.88996561  1.33993801  0.36715749  0.8415057   1.92995463  1.3864085
  -0.38551815  0.34307498 -0.25962209  1.31533195 -0.2196912   1.52344452
   0.03823238  0.55161258  0.47137051 -0.33579255 -0.93755537  0.58561275
  -1.09536921 -0.54963904 -0.12254673  1.34108079  0.05274065 -1.44737077
   1.60137941  0.35820736  0.89282333 -0.13204207  1.10679149 -0.59032782
  -0.95941882  1.20113571 -1.05346438 -0.28705492 -0.47026155  1.33510777
   0.5570887   0.3210221   1.76941672 -0.16269253  0.5362344  -1.71485784
  -0.1911941  -0.80882523 -0.61346084  1.70654755  0.73201674 -0.07124136
   1.01226033 -0.66176046 -0.42116022 -2.59880753 -0.50380517 -0.26341485
   0.06968471  1.78254103  1.27522179  0.06366612  0.69314303 -1.68595164
  -0.39980596 -1.60397851  1.86015259  1.77437155  0.43259231 -0.66140969
  -1.55632245  1.3501211  -0.15641223  1.20579321  0.12679035 -0.33609453
  -0.76479972 -0.44504458 -1.9681526   1.4759015   1.20919784 -1.2196756
   1.20571957 -0.63287217  0.63346759 -1.95314451 -0.19811027  0.28210213
  -0.41813314 -1.39531299  0.47441941  0.06347834  1.85998154  1.24001672
   0.0107131  -1.23741215  1.43084295 -0.30876887]]",[0.37612531 0.01516618],"[[ 1.5695878  -1.00586417]
 [-1.00586417  1.13312094]]",9,1
